,,,Alle dage,Weekenddage,SH-Dage,,,,,,,,,,,,,,,,,,,,,
,,,365,104,9,Beregnet Normtid pr arbejdstidsplan,,,Fuldtid,,,,,Fuldtid,,,,,Fuldtid,,,,,Fuldtid,,
,"SH-dage jf. kalenderen, vær opmærksom på, at der ikke er SH-dage på weekendhold",,,,,Antal dage,,,,"  365,00 ",,,,,"  365,00 ",,,,,"  365,00 ",,,,,"  365,00 ",
,,,,,,Antal Weekenddage,,,,"  104,00 ",,,,,"  104,00 ",,,,,"  104,00 ",,,,,"  104,00 ",
§15,"Vagter der er lagt ind, må kun bruges ved §15 skiftehold",,,,,Antal SH dage,,,,"  9,00 ",,,,,"  9,00 ",,,,,"  9,00 ",,,,,"  9,00 ",
,,,,,,Normtid / dage,,,,"  252,00 ",,,,,"  252,00 ",,,,,"  252,00 ",,,,,"  252,00 ",
§15,"Vagter der er taget ud, må kun bruges ved §15 skiftehold",,,,,Normtid / Timer,,,,"  7,10 ",,,,,"  7,10 ",,,,,"  6,80 ",,,,,"  6,80 ",
,,,,,,Normtid i alt,,,,"  1.789,20 ",,,,,"  1.789,20 ",,,,,"  1.713,60 ",,,,,"  1.713,60 ",
,,,,,,,,,,,,,,,,,,,,,,,,,,
,,,,,,,"Aalborg 12 timers
PRIMO HOLD 1
V0D2
144t 06-18",,,,,"Aalborg 12 timers
PRIMO HOLD 2
V0D2
144t 06-18",,,,,"Aalborg 12 timers
ULTIMO HOLD 1
V0N3
144t 18-06",,,,,"Aalborg 12 timers
ULTIMO HOLD 2
V0N3
144t 18-06",,,,
,,,,,,Arbejdstidsplanregel: Skiftehold / Alm Daghold / Weekend,Skiftehold §15,,,,,Skiftehold §15,,,,,Skiftehold §15,,,,,Skiftehold §15,,,,
,,,,,,Navn på Arbejdstidsplan,V0D2_1,,,,,V0D2_2,,,,,V0N3_1,,,,,V0N3_2,,,,
,,"SH-Dage
",Alledage,Weekenddage,SH-Dage,,,Start,Slut,Timer,Ferie,,Start,Slut,Timer,Ferie,,Start,Slut,Timer,Ferie,,Start,Slut,Timer,Ferie
9/1/2020,Tirsdag,,1,,,,P,6:00,18:00,"11,50",,/,,,"0,00",,/,,,"0,00",,U,18:00,6:00,"11,50",
9/2/2020,Onsdag,,1,,,,/,,,"0,00",,P,6:00,18:00,"11,50",,/,,,"0,00",,U,18:00,6:00,"11,50",
9/3/2020,Torsdag,,1,,,,/,,,"0,00",,P,6:00,18:00,"11,50",,U,18:00,6:00,"11,50",,/,,,"0,00",
9/4/2020,Fredag,,1,,,,P,6:00,18:00,"11,50",,/,,,"0,00",,U,18:00,6:00,"11,50",,/,,,"0,00",
9/5/2020,Lørdag,,1,1,,,P,6:00,18:00,"11,50",,/,,,"0,00",,/,,,"0,00",,/,,,"0,00",
9/6/2020,Søndag,,1,1,,,/,,,"0,00",,/,,,"0,00",,/,,,"0,00",,U,18:00,6:00,"11,50",
9/7/2020,Mandag,,1,,,,/,,,"0,00",,P,6:00,18:00,"11,50",,/,,,"0,00",,U,18:00,6:00,"11,50",
9/8/2020,Tirsdag,,1,,,,/,,,"0,00",,P,6:00,18:00,"11,50",,U,18:00,6:00,"11,50",,/,,,"0,00",
9/9/2020,Onsdag,,1,,,,P,6:00,18:00,"11,50",,/,,,"0,00",,U,18:00,6:00,"11,50",,/,,,"0,00",
9/10/2020,Torsdag,,1,,,,P,6:00,18:00,"11,50",,/,,,"0,00",,/,,,"0,00",,U,18:00,6:00,"11,50",
9/11/2020,Fredag,,1,,,,/,,,"0,00",,P,6:00,18:00,"11,50",,/,,,"0,00",,U,18:00,6:00,"11,50",
9/12/2020,Lørdag,,1,1,,,/,,,"0,00",,P,6:00,18:00,"11,50",,/,,,"0,00",,/,,,"0,00",
9/13/2020,Søndag,,1,1,,,/,,,"0,00",,/,,,"0,00",,U,18:00,6:00,"11,50",,/,,,"0,00",
9/14/2020,Mandag,,1,,,,P,6:00,18:00,"11,50",,/,,,"0,00",,U,18:00,6:00,"11,50",,/,,,"0,00",
9/15/2020,Tirsdag,,1,,,,P,6:00,18:00,"11,50",,/,,,"0,00",,/,,,"0,00",,U,18:00,6:00,"11,50",
9/16/2020,Onsdag,,1,,,,/,,,"0,00",,P,6:00,18:00,"11,50",,/,,,"0,00",,U,18:00,6:00,"11,50",
9/17/2020,Torsdag,,1,,,,/,,,"0,00",,P,6:00,18:00,"11,50",,U,18:00,6:00,"11,50",,/,,,"0,00",
9/18/2020,Fredag,,1,,,,P,6:00,18:00,"11,50",,/,,,"0,00",,U,18:00,6:00,"11,50",,/,,,"0,00",
9/19/2020,Lørdag,,1,1,,,P,6:00,18:00,"11,50",,/,,,"0,00",,/,,,"0,00",,/,,,"0,00",
9/20/2020,Søndag,,1,1,,,/,,,"0,00",,/,,,"0,00",,/,,,"0,00",,U,18:00,6:00,"11,50",
9/21/2020,Mandag,,1,,,,/,,,"0,00",,P,6:00,18:00,"11,50",,/,,,"0,00",,U,18:00,6:00,"11,50",
9/22/2020,Tirsdag,,1,,,,/,,,"0,00",,P,6:00,18:00,"11,50",,U,18:00,6:00,"11,50",,/,,,"0,00",
9/23/2020,Onsdag,,1,,,,P,6:00,18:00,"11,50",,/,,,"0,00",,U,18:00,6:00,"11,50",,/,,,"0,00",
9/24/2020,Torsdag,,1,,,,P,6:00,18:00,"11,50",,/,,,"0,00",,/,,,"0,00",,U,18:00,6:00,"11,50",
9/25/2020,Fredag,,1,,,,/,,,"0,00",,P,6:00,18:00,"11,50",,/,,,"0,00",,U,18:00,6:00,"11,50",
9/26/2020,Lørdag,,1,1,,,/,,,"0,00",,P,6:00,18:00,"11,50",,/,,,"0,00",,/,,,"0,00",
9/27/2020,Søndag,,1,1,,,/,,,"0,00",,/,,,"0,00",,U,18:00,6:00,"11,50",,/,,,"0,00",
9/28/2020,Mandag,,1,,,,P,6:00,18:00,"11,50",,/,,,"0,00",,U,18:00,6:00,"11,50",,/,,,"0,00",
9/29/2020,Tirsdag,,1,,,,P,6:00,18:00,"11,50",,/,,,"0,00",,/,,,"0,00",,U,18:00,6:00,"11,50",
9/30/2020,Onsdag,,1,,,,/,,,"0,00",,P,6:00,18:00,"11,50",,/,,,"0,00",,U,18:00,6:00,"11,50",
10/1/2020,Torsdag,,1,,,,/,,,"0,00",,P,6:00,18:00,"11,50",,U,18:00,6:00,"11,50",,/,,,"0,00",
10/2/2020,Fredag,,1,,,,P,6:00,18:00,"11,50",,/,,,"0,00",,U,18:00,6:00,"11,50",,/,,,"0,00",
10/3/2020,Lørdag,,1,1,,,P,6:00,18:00,"11,50",,/,,,"0,00",,/,,,"0,00",,/,,,"0,00",
10/4/2020,Søndag,,1,1,,,/,,,"0,00",,/,,,"0,00",,/,,,"0,00",,U,18:00,6:00,"11,50",
10/5/2020,Mandag,,1,,,,/,,,"0,00",,P,6:00,18:00,"11,50",,/,,,"0,00",,U,18:00,6:00,"11,50",
10/6/2020,Tirsdag,,1,,,,/,,,"0,00",,P,6:00,18:00,"11,50",,U,18:00,6:00,"11,50",,/,,,"0,00",
10/7/2020,Onsdag,,1,,,,P,6:00,18:00,"11,50",,/,,,"0,00",,U,18:00,6:00,"11,50",,/,,,"0,00",
10/8/2020,Torsdag,,1,,,,P,6:00,18:00,"11,50",,/,,,"0,00",,/,,,"0,00",,U,18:00,6:00,"11,50",
10/9/2020,Fredag,,1,,,,/,,,"0,00",,P,6:00,18:00,"11,50",,/,,,"0,00",,U,18:00,6:00,"11,50",
10/10/2020,Lørdag,,1,1,,,/,,,"0,00",,P,6:00,18:00,"11,50",,/,,,"0,00",,/,,,"0,00",
10/11/2020,Søndag,,1,1,,,/,,,"0,00",,/,,,"0,00",,U,18:00,6:00,"11,50",,/,,,"0,00",
10/12/2020,Mandag,,1,,,,P,6:00,18:00,"11,50",,/,,,"0,00",,U,18:00,6:00,"11,50",,/,,,"0,00",
10/13/2020,Tirsdag,,1,,,,P,6:00,18:00,"11,50",,/,,,"0,00",,/,,,"0,00",,U,18:00,6:00,"11,50",
10/14/2020,Onsdag,,1,,,,/,,,"0,00",,P,6:00,18:00,"11,50",,/,,,"0,00",,U,18:00,6:00,"11,50",
10/15/2020,Torsdag,,1,,,,/,,,"0,00",,P,6:00,18:00,"11,50",,U,18:00,6:00,"11,50",,/,,,"0,00",
10/16/2020,Fredag,,1,,,,P,6:00,18:00,"11,50",,/,,,"0,00",,U,18:00,6:00,"11,50",,/,,,"0,00",
10/17/2020,Lørdag,,1,1,,,P,6:00,18:00,"11,50",,/,,,"0,00",,/,,,"0,00",,/,,,"0,00",
10/18/2020,Søndag,,1,1,,,/,,,"0,00",,/,,,"0,00",,/,,,"0,00",,U,18:00,6:00,"11,50",
10/19/2020,Mandag,,1,,,,/,,,"0,00",,P,6:00,18:00,"11,50",,/,,,"0,00",,U,18:00,6:00,"11,50",
10/20/2020,Tirsdag,,1,,,,/,,,"0,00",,P,6:00,18:00,"11,50",,U,18:00,6:00,"11,50",,/,,,"0,00",
10/21/2020,Onsdag,,1,,,,P,6:00,18:00,"11,50",,/,,,"0,00",,U,18:00,6:00,"11,50",,/,,,"0,00",
10/22/2020,Torsdag,,1,,,,P,6:00,18:00,"11,50",,/,,,"0,00",,/,,,"0,00",,U,18:00,6:00,"11,50",
10/23/2020,Fredag,,1,,,,/,,,"0,00",,P,6:00,18:00,"11,50",,/,,,"0,00",,U,18:00,6:00,"11,50",
10/24/2020,Lørdag,,1,1,,,/,,,"0,00",,P,6:00,18:00,"11,50",,/,,,"0,00",,/,,,"0,00",
10/25/2020,Søndag,,1,1,,,/,,,"0,00",,/,,,"0,00",,U,18:00,6:00,"11,50",,/,,,"0,00",
10/26/2020,Mandag,,1,,,,P,6:00,18:00,"11,50",,/,,,"0,00",,U,18:00,6:00,"11,50",,/,,,"0,00",
10/27/2020,Tirsdag,,1,,,,P,6:00,18:00,"11,50",,/,,,"0,00",,/,,,"0,00",,U,18:00,6:00,"11,50",
10/28/2020,Onsdag,,1,,,,/,,,"0,00",,P,6:00,18:00,"11,50",,/,,,"0,00",,U,18:00,6:00,"11,50",
10/29/2020,Torsdag,,1,,,,/,,,"0,00",,P,6:00,18:00,"11,50",,U,18:00,6:00,"11,50",,/,,,"0,00",
10/30/2020,Fredag,,1,,,,P,6:00,18:00,"11,50",,/,,,"0,00",,U,18:00,6:00,"11,50",,/,,,"0,00",
10/31/2020,Lørdag,,1,1,,,P,6:00,18:00,"11,50",,/,,,"0,00",,/,,,"0,00",,/,,,"0,00",
11/1/2020,Søndag,,1,1,,,/,,,"0,00",,/,,,"0,00",,/,,,"0,00",,U,18:00,6:00,"11,50",
11/2/2020,Mandag,,1,,,,/,,,"0,00",,P,6:00,18:00,"11,50",,/,,,"0,00",,U,18:00,6:00,"11,50",
11/3/2020,Tirsdag,,1,,,,/,,,"0,00",,P,6:00,18:00,"11,50",,U,18:00,6:00,"11,50",,/,,,"0,00",
11/4/2020,Onsdag,,1,,,,P,6:00,18:00,"11,50",,/,,,"0,00",,U,18:00,6:00,"11,50",,/,,,"0,00",
11/5/2020,Torsdag,,1,,,,P,6:00,18:00,"11,50",,/,,,"0,00",,/,,,"0,00",,U,18:00,6:00,"11,50",
11/6/2020,Fredag,,1,,,,/,,,"0,00",,P,6:00,18:00,"11,50",,/,,,"0,00",,U,18:00,6:00,"11,50",
11/7/2020,Lørdag,,1,1,,,/,,,"0,00",,P,6:00,18:00,"11,50",,/,,,"0,00",,/,,,"0,00",
11/8/2020,Søndag,,1,1,,,/,,,"0,00",,/,,,"0,00",,U,18:00,6:00,"11,50",,/,,,"0,00",
11/9/2020,Mandag,,1,,,,P,6:00,18:00,"11,50",,/,,,"0,00",,U,18:00,6:00,"11,50",,/,,,"0,00",
11/10/2020,Tirsdag,,1,,,,P,6:00,18:00,"11,50",,/,,,"0,00",,/,,,"0,00",,U,18:00,6:00,"11,50",
11/11/2020,Onsdag,,1,,,,/,,,"0,00",,P,6:00,18:00,"11,50",,/,,,"0,00",,U,18:00,6:00,"11,50",
11/12/2020,Torsdag,,1,,,,/,,,"0,00",,P,6:00,18:00,"11,50",,U,18:00,6:00,"11,50",,/,,,"0,00",
11/13/2020,Fredag,,1,,,,P,6:00,18:00,"11,50",,/,,,"0,00",,U,18:00,6:00,"11,50",,/,,,"0,00",
11/14/2020,Lørdag,,1,1,,,P,6:00,18:00,"11,50",,/,,,"0,00",,/,,,"0,00",,/,,,"0,00",
11/15/2020,Søndag,,1,1,,,/,,,"0,00",,/,,,"0,00",,/,,,"0,00",,U,18:00,6:00,"11,50",
11/16/2020,Mandag,,1,,,,/,,,"0,00",,P,6:00,18:00,"11,50",,/,,,"0,00",,U,18:00,6:00,"11,50",
11/17/2020,Tirsdag,,1,,,,/,,,"0,00",,P,6:00,18:00,"11,50",,U,18:00,6:00,"11,50",,/,,,"0,00",
11/18/2020,Onsdag,,1,,,,P,6:00,18:00,"11,50",,/,,,"0,00",,U,18:00,6:00,"11,50",,/,,,"0,00",
11/19/2020,Torsdag,,1,,,,P,6:00,18:00,"11,50",,/,,,"0,00",,/,,,"0,00",,U,18:00,6:00,"11,50",
11/20/2020,Fredag,,1,,,,/,,,"0,00",,P,6:00,18:00,"11,50",,/,,,"0,00",,U,18:00,6:00,"11,50",
11/21/2020,Lørdag,,1,1,,,/,,,"0,00",,P,6:00,18:00,"11,50",,/,,,"0,00",,/,,,"0,00",
11/22/2020,Søndag,,1,1,,,/,,,"0,00",,/,,,"0,00",,U,18:00,6:00,"11,50",,/,,,"0,00",
11/23/2020,Mandag,,1,,,,P,6:00,18:00,"11,50",,/,,,"0,00",,U,18:00,6:00,"11,50",,/,,,"0,00",
11/24/2020,Tirsdag,,1,,,,P,6:00,18:00,"11,50",,/,,,"0,00",,/,,,"0,00",,U,18:00,6:00,"11,50",
11/25/2020,Onsdag,,1,,,,/,,,"0,00",,P,6:00,18:00,"11,50",,/,,,"0,00",,U,18:00,6:00,"11,50",
11/26/2020,Torsdag,,1,,,,/,,,"0,00",,P,6:00,18:00,"11,50",,U,18:00,6:00,"11,50",,/,,,"0,00",
11/27/2020,Fredag,,1,,,,P,6:00,18:00,"11,50",,/,,,"0,00",,U,18:00,6:00,"11,50",,/,,,"0,00",
11/28/2020,Lørdag,,1,1,,,P,6:00,18:00,"11,50",,/,,,"0,00",,/,,,"0,00",,/,,,"0,00",
11/29/2020,Søndag,,1,1,,,/,,,"0,00",,/,,,"0,00",,/,,,"0,00",,U,18:00,6:00,"11,50",
11/30/2020,Mandag,,1,,,,/,,,"0,00",,P,6:00,18:00,"11,50",,/,,,"0,00",,U,18:00,6:00,"11,50",
12/1/2020,Tirsdag,,1,,,,/,,,"0,00",,P,6:00,18:00,"11,50",,U,18:00,6:00,"11,50",,/,,,"0,00",
12/2/2020,Onsdag,,1,,,,P,6:00,18:00,"11,50",,/,,,"0,00",,U,18:00,6:00,"11,50",,/,,,"0,00",
12/3/2020,Torsdag,,1,,,,P,6:00,18:00,"11,50",,/,,,"0,00",,/,,,"0,00",,U,18:00,6:00,"11,50",
12/4/2020,Fredag,,1,,,,/,,,"0,00",,P,6:00,18:00,"11,50",,/,,,"0,00",,U,18:00,6:00,"11,50",
12/5/2020,Lørdag,,1,1,,,/,,,"0,00",,P,6:00,18:00,"11,50",,/,,,"0,00",,/,,,"0,00",
12/6/2020,Søndag,,1,1,,,/,,,"0,00",,/,,,"0,00",,U,18:00,6:00,"11,50",,/,,,"0,00",
12/7/2020,Mandag,,1,,,,P,6:00,18:00,"11,50",,/,,,"0,00",,U,18:00,6:00,"11,50",,/,,,"0,00",
12/8/2020,Tirsdag,,1,,,,P,6:00,18:00,"11,50",,/,,,"0,00",,/,,,"0,00",,U,18:00,6:00,"11,50",
12/9/2020,Onsdag,,1,,,,/,,,"0,00",,P,6:00,18:00,"11,50",,/,,,"0,00",,U,18:00,6:00,"11,50",
12/10/2020,Torsdag,,1,,,,/,,,"0,00",,P,6:00,18:00,"11,50",,U,18:00,6:00,"11,50",,/,,,"0,00",
12/11/2020,Fredag,,1,,,,P,6:00,18:00,"11,50",,/,,,"0,00",,U,18:00,6:00,"11,50",,/,,,"0,00",
12/12/2020,Lørdag,,1,1,,,P,6:00,18:00,"11,50",,/,,,"0,00",,/,,,"0,00",,/,,,"0,00",
12/13/2020,Søndag,,1,1,,,/,,,"0,00",,/,,,"0,00",,/,,,"0,00",,U,18:00,6:00,"11,50",
12/14/2020,Mandag,,1,,,,/,,,"0,00",,P,6:00,18:00,"11,50",,/,,,"0,00",,U,18:00,6:00,"11,50",
12/15/2020,Tirsdag,,1,,,,/,,,"0,00",,P,6:00,18:00,"11,50",,U,18:00,6:00,"11,50",,/,,,"0,00",
12/16/2020,Onsdag,,1,,,,P,6:00,18:00,"11,50",,/,,,"0,00",,U,18:00,6:00,"11,50",,/,,,"0,00",
12/17/2020,Torsdag,,1,,,,P,6:00,18:00,"11,50",,/,,,"0,00",,/,,,"0,00",,U,18:00,6:00,"11,50",
12/18/2020,Fredag,,1,,,,/,,,"0,00",,P,6:00,18:00,"11,50",,/,,,"0,00",,U,18:00,6:00,"11,50",
12/19/2020,Lørdag,,1,1,,,/,,,"0,00",,P,6:00,18:00,"11,50",,/,,,"0,00",,/,,,"0,00",
12/20/2020,Søndag,,1,1,,,/,,,"0,00",,/,,,"0,00",,U,18:00,6:00,"11,50",,/,,,"0,00",
12/21/2020,Mandag,,1,,,,P,6:00,18:00,"11,50",,/,,,"0,00",,U,18:00,6:00,"11,50",,/,,,"0,00",
12/22/2020,Tirsdag,,1,,,,P,6:00,18:00,"11,50",,/,,,"0,00",,/,,,"0,00",,U,18:00,6:00,"11,50",
12/23/2020,Onsdag,,1,,,,/,,,"0,00",,P,6:00,18:00,"11,50",,/,,,"0,00",,U,18:00,6:00,"11,50",
12/24/2020,Torsdag,Juleaften,1,,1,,/,,,"0,00",,P,6:00,18:00,"11,50",,U,18:00,6:00,"11,50",,/,,,"0,00",
12/25/2020,Fredag,1. Juledag,1,,1,,P,6:00,18:00,"11,50",,/,,,"0,00",,U,18:00,6:00,"11,50",,/,,,"0,00",
12/26/2020,Lørdag,2. Juledag,1,1,,,P,6:00,18:00,"11,50",,/,,,"0,00",,/,,,"0,00",,/,,,"0,00",
12/27/2020,Søndag,,1,1,,,/,,,"0,00",,/,,,"0,00",,/,,,"0,00",,U,18:00,6:00,"11,50",
12/28/2020,Mandag,,1,,,,/,,,"0,00",,P,6:00,18:00,"11,50",,/,,,"0,00",,U,18:00,6:00,"11,50",
12/29/2020,Tirsdag,,1,,,,/,,,"0,00",,P,6:00,18:00,"11,50",,U,18:00,6:00,"11,50",,/,,,"0,00",
12/30/2020,Onsdag,,1,,,,P,6:00,18:00,"11,50",,/,,,"0,00",,U,18:00,6:00,"11,50",,/,,,"0,00",
12/31/2020,Torsdag,Nytårsaften,1,,,,P,6:00,18:00,"11,50",,/,,,"0,00",,/,,,"0,00",,U,18:00,6:00,"11,50",
1/1/2021,Fredag,Nytårsdag,1,,1,,/,,,"0,00",,P,6:00,18:00,"11,50",,/,,,"0,00",,U,18:00,6:00,"11,50",
1/2/2021,Lørdag,,1,1,,,/,,,"0,00",,P,6:00,18:00,"11,50",,/,,,"0,00",,/,,,"0,00",
1/3/2021,Søndag,,1,1,,,/,,,"0,00",,/,,,"0,00",,U,18:00,6:00,"11,50",,/,,,"0,00",
1/4/2021,Mandag,,1,,,,P,6:00,18:00,"11,50",,/,,,"0,00",,U,18:00,6:00,"11,50",,/,,,"0,00",
1/5/2021,Tirsdag,,1,,,,P,6:00,18:00,"11,50",,/,,,"0,00",,/,,,"0,00",,U,18:00,6:00,"11,50",
1/6/2021,Onsdag,,1,,,,/,,,"0,00",,P,6:00,18:00,"11,50",,/,,,"0,00",,U,18:00,6:00,"11,50",
1/7/2021,Torsdag,,1,,,,/,,,"0,00",,P,6:00,18:00,"11,50",,U,18:00,6:00,"11,50",,/,,,"0,00",
1/8/2021,Fredag,,1,,,,P,6:00,18:00,"11,50",,/,,,"0,00",,U,18:00,6:00,"11,50",,/,,,"0,00",
1/9/2021,Lørdag,,1,1,,,P,6:00,18:00,"11,50",,/,,,"0,00",,/,,,"0,00",,/,,,"0,00",
1/10/2021,Søndag,,1,1,,,/,,,"0,00",,/,,,"0,00",,/,,,"0,00",,U,18:00,6:00,"11,50",
1/11/2021,Mandag,,1,,,,/,,,"0,00",,P,6:00,18:00,"11,50",,/,,,"0,00",,U,18:00,6:00,"11,50",
1/12/2021,Tirsdag,,1,,,,/,,,"0,00",,P,6:00,18:00,"11,50",,U,18:00,6:00,"11,50",,/,,,"0,00",
1/13/2021,Onsdag,,1,,,,P,6:00,18:00,"11,50",,/,,,"0,00",,U,18:00,6:00,"11,50",,/,,,"0,00",
1/14/2021,Torsdag,,1,,,,P,6:00,18:00,"11,50",,/,,,"0,00",,/,,,"0,00",,U,18:00,6:00,"11,50",
1/15/2021,Fredag,,1,,,,/,,,"0,00",,P,6:00,18:00,"11,50",,/,,,"0,00",,U,18:00,6:00,"11,50",
1/16/2021,Lørdag,,1,1,,,/,,,"0,00",,P,6:00,18:00,"11,50",,/,,,"0,00",,/,,,"0,00",
1/17/2021,Søndag,,1,1,,,/,,,"0,00",,/,,,"0,00",,U,18:00,6:00,"11,50",,/,,,"0,00",
1/18/2021,Mandag,,1,,,,P,6:00,18:00,"11,50",,/,,,"0,00",,U,18:00,6:00,"11,50",,/,,,"0,00",
1/19/2021,Tirsdag,,1,,,,P,6:00,18:00,"11,50",,/,,,"0,00",,/,,,"0,00",,U,18:00,6:00,"11,50",
1/20/2021,Onsdag,,1,,,,/,,,"0,00",,P,6:00,18:00,"11,50",,/,,,"0,00",,U,18:00,6:00,"11,50",
1/21/2021,Torsdag,,1,,,,/,,,"0,00",,P,6:00,18:00,"11,50",,U,18:00,6:00,"11,50",,/,,,"0,00",
1/22/2021,Fredag,,1,,,,P,6:00,18:00,"11,50",,/,,,"0,00",,U,18:00,6:00,"11,50",,/,,,"0,00",
1/23/2021,Lørdag,,1,1,,,P,6:00,18:00,"11,50",,/,,,"0,00",,/,,,"0,00",,/,,,"0,00",
1/24/2021,Søndag,,1,1,,,/,,,"0,00",,/,,,"0,00",,/,,,"0,00",,U,18:00,6:00,"11,50",
1/25/2021,Mandag,,1,,,,/,,,"0,00",,P,6:00,18:00,"11,50",,/,,,"0,00",,U,18:00,6:00,"11,50",
1/26/2021,Tirsdag,,1,,,,/,,,"0,00",,P,6:00,18:00,"11,50",,U,18:00,6:00,"11,50",,/,,,"0,00",
1/27/2021,Onsdag,,1,,,,P,6:00,18:00,"11,50",,/,,,"0,00",,U,18:00,6:00,"11,50",,/,,,"0,00",
1/28/2021,Torsdag,,1,,,,P,6:00,18:00,"11,50",,/,,,"0,00",,/,,,"0,00",,U,18:00,6:00,"11,50",
1/29/2021,Fredag,,1,,,,/,,,"0,00",,P,6:00,18:00,"11,50",,/,,,"0,00",,U,18:00,6:00,"11,50",
1/30/2021,Lørdag,,1,1,,,/,,,"0,00",,P,6:00,18:00,"11,50",,/,,,"0,00",,/,,,"0,00",
1/31/2021,Søndag,,1,1,,,/,,,"0,00",,/,,,"0,00",,U,18:00,6:00,"11,50",,/,,,"0,00",
2/1/2021,Mandag,,1,,,,P,6:00,18:00,"11,50",,/,,,"0,00",,U,18:00,6:00,"11,50",,/,,,"0,00",
2/2/2021,Tirsdag,,1,,,,P,6:00,18:00,"11,50",,/,,,"0,00",,/,,,"0,00",,U,18:00,6:00,"11,50",
2/3/2021,Onsdag,,1,,,,/,,,"0,00",,P,6:00,18:00,"11,50",,/,,,"0,00",,U,18:00,6:00,"11,50",
2/4/2021,Torsdag,,1,,,,/,,,"0,00",,P,6:00,18:00,"11,50",,U,18:00,6:00,"11,50",,/,,,"0,00",
2/5/2021,Fredag,,1,,,,P,6:00,18:00,"11,50",,/,,,"0,00",,U,18:00,6:00,"11,50",,/,,,"0,00",
2/6/2021,Lørdag,,1,1,,,P,6:00,18:00,"11,50",,/,,,"0,00",,/,,,"0,00",,/,,,"0,00",
2/7/2021,Søndag,,1,1,,,/,,,"0,00",,/,,,"0,00",,/,,,"0,00",,U,18:00,6:00,"11,50",
2/8/2021,Mandag,,1,,,,/,,,"0,00",,P,6:00,18:00,"11,50",,/,,,"0,00",,U,18:00,6:00,"11,50",
2/9/2021,Tirsdag,,1,,,,/,,,"0,00",,P,6:00,18:00,"11,50",,U,18:00,6:00,"11,50",,/,,,"0,00",
2/10/2021,Onsdag,,1,,,,P,6:00,18:00,"11,50",,/,,,"0,00",,U,18:00,6:00,"11,50",,/,,,"0,00",
2/11/2021,Torsdag,,1,,,,P,6:00,18:00,"11,50",,/,,,"0,00",,/,,,"0,00",,U,18:00,6:00,"11,50",
2/12/2021,Fredag,,1,,,,/,,,"0,00",,P,6:00,18:00,"11,50",,/,,,"0,00",,U,18:00,6:00,"11,50",
2/13/2021,Lørdag,,1,1,,,/,,,"0,00",,P,6:00,18:00,"11,50",,/,,,"0,00",,/,,,"0,00",
2/14/2021,Søndag,,1,1,,,/,,,"0,00",,/,,,"0,00",,U,18:00,6:00,"11,50",,/,,,"0,00",
2/15/2021,Mandag,,1,,,,P,6:00,18:00,"11,50",,/,,,"0,00",,U,18:00,6:00,"11,50",,/,,,"0,00",
2/16/2021,Tirsdag,,1,,,,P,6:00,18:00,"11,50",,/,,,"0,00",,/,,,"0,00",,U,18:00,6:00,"11,50",
2/17/2021,Onsdag,,1,,,,/,,,"0,00",,P,6:00,18:00,"11,50",,/,,,"0,00",,U,18:00,6:00,"11,50",
2/18/2021,Torsdag,,1,,,,/,,,"0,00",,P,6:00,18:00,"11,50",,U,18:00,6:00,"11,50",,/,,,"0,00",
2/19/2021,Fredag,,1,,,,P,6:00,18:00,"11,50",,/,,,"0,00",,U,18:00,6:00,"11,50",,/,,,"0,00",
2/20/2021,Lørdag,,1,1,,,P,6:00,18:00,"11,50",,/,,,"0,00",,/,,,"0,00",,/,,,"0,00",
2/21/2021,Søndag,,1,1,,,/,,,"0,00",,/,,,"0,00",,/,,,"0,00",,U,18:00,6:00,"11,50",
2/22/2021,Mandag,,1,,,,/,,,"0,00",,P,6:00,18:00,"11,50",,/,,,"0,00",,U,18:00,6:00,"11,50",
2/23/2021,Tirsdag,,1,,,,/,,,"0,00",,P,6:00,18:00,"11,50",,U,18:00,6:00,"11,50",,/,,,"0,00",
2/24/2021,Onsdag,,1,,,,P,6:00,18:00,"11,50",,/,,,"0,00",,U,18:00,6:00,"11,50",,/,,,"0,00",
2/25/2021,Torsdag,,1,,,,P,6:00,18:00,"11,50",,/,,,"0,00",,/,,,"0,00",,U,18:00,6:00,"11,50",
2/26/2021,Fredag,,1,,,,/,,,"0,00",,P,6:00,18:00,"11,50",,/,,,"0,00",,U,18:00,6:00,"11,50",
2/27/2021,Lørdag,,1,1,,,/,,,"0,00",,P,6:00,18:00,"11,50",,/,,,"0,00",,/,,,"0,00",
2/28/2021,Søndag,,1,1,,,/,,,"0,00",,/,,,"0,00",,U,18:00,6:00,"11,50",,/,,,"0,00",
3/1/2021,Mandag,,1,,,,P,6:00,18:00,"11,50",,/,,,"0,00",,U,18:00,6:00,"11,50",,/,,,"0,00",
3/2/2021,Tirsdag,,1,,,,P,6:00,18:00,"11,50",,/,,,"0,00",,/,,,"0,00",,U,18:00,6:00,"11,50",
3/3/2021,Onsdag,,1,,,,/,,,"0,00",,P,6:00,18:00,"11,50",,/,,,"0,00",,U,18:00,6:00,"11,50",
3/4/2021,Torsdag,,1,,,,/,,,"0,00",,P,6:00,18:00,"11,50",,U,18:00,6:00,"11,50",,/,,,"0,00",
3/5/2021,Fredag,,1,,,,P,6:00,18:00,"11,50",,/,,,"0,00",,U,18:00,6:00,"11,50",,/,,,"0,00",
3/6/2021,Lørdag,,1,1,,,P,6:00,18:00,"11,50",,/,,,"0,00",,/,,,"0,00",,/,,,"0,00",
3/7/2021,Søndag,,1,1,,,/,,,"0,00",,/,,,"0,00",,/,,,"0,00",,U,18:00,6:00,"11,50",
3/8/2021,Mandag,,1,,,,/,,,"0,00",,P,6:00,18:00,"11,50",,/,,,"0,00",,U,18:00,6:00,"11,50",
3/9/2021,Tirsdag,,1,,,,/,,,"0,00",,P,6:00,18:00,"11,50",,U,18:00,6:00,"11,50",,/,,,"0,00",
3/10/2021,Onsdag,,1,,,,P,6:00,18:00,"11,50",,/,,,"0,00",,U,18:00,6:00,"11,50",,/,,,"0,00",
3/11/2021,Torsdag,,1,,,,P,6:00,18:00,"11,50",,/,,,"0,00",,/,,,"0,00",,U,18:00,6:00,"11,50",
3/12/2021,Fredag,,1,,,,/,,,"0,00",,P,6:00,18:00,"11,50",,/,,,"0,00",,U,18:00,6:00,"11,50",
3/13/2021,Lørdag,,1,1,,,/,,,"0,00",,P,6:00,18:00,"11,50",,/,,,"0,00",,/,,,"0,00",
3/14/2021,Søndag,,1,1,,,/,,,"0,00",,/,,,"0,00",,U,18:00,6:00,"11,50",,/,,,"0,00",
3/15/2021,Mandag,,1,,,,P,6:00,18:00,"11,50",,/,,,"0,00",,U,18:00,6:00,"11,50",,/,,,"0,00",
3/16/2021,Tirsdag,,1,,,,P,6:00,18:00,"11,50",,/,,,"0,00",,/,,,"0,00",,U,18:00,6:00,"11,50",
3/17/2021,Onsdag,,1,,,,/,,,"0,00",,P,6:00,18:00,"11,50",,/,,,"0,00",,U,18:00,6:00,"11,50",
3/18/2021,Torsdag,,1,,,,/,,,"0,00",,P,6:00,18:00,"11,50",,U,18:00,6:00,"11,50",,/,,,"0,00",
3/19/2021,Fredag,,1,,,,P,6:00,18:00,"11,50",,/,,,"0,00",,U,18:00,6:00,"11,50",,/,,,"0,00",
3/20/2021,Lørdag,,1,1,,,P,6:00,18:00,"11,50",,/,,,"0,00",,/,,,"0,00",,/,,,"0,00",
3/21/2021,Søndag,,1,1,,,/,,,"0,00",,/,,,"0,00",,/,,,"0,00",,U,18:00,6:00,"11,50",
3/22/2021,Mandag,,1,,,,/,,,"0,00",,P,6:00,18:00,"11,50",,/,,,"0,00",,U,18:00,6:00,"11,50",
3/23/2021,Tirsdag,,1,,,,/,,,"0,00",,P,6:00,18:00,"11,50",,U,18:00,6:00,"11,50",,/,,,"0,00",
3/24/2021,Onsdag,,1,,,,P,6:00,18:00,"11,50",,/,,,"0,00",,U,18:00,6:00,"11,50",,/,,,"0,00",
3/25/2021,Torsdag,,1,,,,P,6:00,18:00,"11,50",,/,,,"0,00",,/,,,"0,00",,U,18:00,6:00,"11,50",
3/26/2021,Fredag,,1,,,,/,,,"0,00",,P,6:00,18:00,"11,50",,/,,,"0,00",,U,18:00,6:00,"11,50",
3/27/2021,Lørdag,,1,1,,,/,,,"0,00",,P,6:00,18:00,"11,50",,/,,,"0,00",,/,,,"0,00",
3/28/2021,Søndag,,1,1,,,/,,,"0,00",,/,,,"0,00",,U,18:00,6:00,"11,50",,/,,,"0,00",
3/29/2021,Mandag,,1,,,,P,6:00,18:00,"11,50",,/,,,"0,00",,U,18:00,6:00,"11,50",,/,,,"0,00",
3/30/2021,Tirsdag,,1,,,,P,6:00,18:00,"11,50",,/,,,"0,00",,/,,,"0,00",,U,18:00,6:00,"11,50",
3/31/2021,Onsdag,,1,,,,/,,,"0,00",,P,6:00,18:00,"11,50",,/,,,"0,00",,U,18:00,6:00,"11,50",
4/1/2021,Torsdag,Skærtorsdag,1,,1,,/,,,"0,00",,P,6:00,18:00,"11,50",,U,18:00,6:00,"11,50",,/,,,"0,00",
4/2/2021,Fredag,Langfredag,1,,1,,P,6:00,18:00,"11,50",,/,,,"0,00",,U,18:00,6:00,"11,50",,/,,,"0,00",
4/3/2021,Lørdag,,1,1,,,P,6:00,18:00,"11,50",,/,,,"0,00",,/,,,"0,00",,/,,,"0,00",
4/4/2021,Søndag,Påskedag,1,1,,,/,,,"0,00",,/,,,"0,00",,/,,,"0,00",,U,18:00,6:00,"11,50",
4/5/2021,Mandag,2. Påskedag,1,,1,,/,,,"0,00",,P,6:00,18:00,"11,50",,/,,,"0,00",,U,18:00,6:00,"11,50",
4/6/2021,Tirsdag,,1,,,,/,,,"0,00",,P,6:00,18:00,"11,50",,U,18:00,6:00,"11,50",,/,,,"0,00",
4/7/2021,Onsdag,,1,,,,P,6:00,18:00,"11,50",,/,,,"0,00",,U,18:00,6:00,"11,50",,/,,,"0,00",
4/8/2021,Torsdag,,1,,,,P,6:00,18:00,"11,50",,/,,,"0,00",,/,,,"0,00",,U,18:00,6:00,"11,50",
4/9/2021,Fredag,,1,,,,/,,,"0,00",,P,6:00,18:00,"11,50",,/,,,"0,00",,U,18:00,6:00,"11,50",
4/10/2021,Lørdag,,1,1,,,/,,,"0,00",,P,6:00,18:00,"11,50",,/,,,"0,00",,/,,,"0,00",
4/11/2021,Søndag,,1,1,,,/,,,"0,00",,/,,,"0,00",,U,18:00,6:00,"11,50",,/,,,"0,00",
4/12/2021,Mandag,,1,,,,P,6:00,18:00,"11,50",,/,,,"0,00",,U,18:00,6:00,"11,50",,/,,,"0,00",
4/13/2021,Tirsdag,,1,,,,P,6:00,18:00,"11,50",,/,,,"0,00",,/,,,"0,00",,U,18:00,6:00,"11,50",
4/14/2021,Onsdag,,1,,,,/,,,"0,00",,P,6:00,18:00,"11,50",,/,,,"0,00",,U,18:00,6:00,"11,50",
4/15/2021,Torsdag,,1,,,,/,,,"0,00",,P,6:00,18:00,"11,50",,U,18:00,6:00,"11,50",,/,,,"0,00",
4/16/2021,Fredag,,1,,,,P,6:00,18:00,"11,50",,/,,,"0,00",,U,18:00,6:00,"11,50",,/,,,"0,00",
4/17/2021,Lørdag,,1,1,,,P,6:00,18:00,"11,50",,/,,,"0,00",,/,,,"0,00",,/,,,"0,00",
4/18/2021,Søndag,,1,1,,,/,,,"0,00",,/,,,"0,00",,/,,,"0,00",,U,18:00,6:00,"11,50",
4/19/2021,Mandag,,1,,,,/,,,"0,00",,P,6:00,18:00,"11,50",,/,,,"0,00",,U,18:00,6:00,"11,50",
4/20/2021,Tirsdag,,1,,,,/,,,"0,00",,P,6:00,18:00,"11,50",,U,18:00,6:00,"11,50",,/,,,"0,00",
4/21/2021,Onsdag,,1,,,,P,6:00,18:00,"11,50",,/,,,"0,00",,U,18:00,6:00,"11,50",,/,,,"0,00",
4/22/2021,Torsdag,,1,,,,P,6:00,18:00,"11,50",,/,,,"0,00",,/,,,"0,00",,U,18:00,6:00,"11,50",
4/23/2021,Fredag,,1,,,,/,,,"0,00",,P,6:00,18:00,"11,50",,/,,,"0,00",,U,18:00,6:00,"11,50",
4/24/2021,Lørdag,,1,1,,,/,,,"0,00",,P,6:00,18:00,"11,50",,/,,,"0,00",,/,,,"0,00",
4/25/2021,Søndag,,1,1,,,/,,,"0,00",,/,,,"0,00",,U,18:00,6:00,"11,50",,/,,,"0,00",
4/26/2021,Mandag,,1,,,,P,6:00,18:00,"11,50",,/,,,"0,00",,U,18:00,6:00,"11,50",,/,,,"0,00",
4/27/2021,Tirsdag,,1,,,,P,6:00,18:00,"11,50",,/,,,"0,00",,/,,,"0,00",,U,18:00,6:00,"11,50",
4/28/2021,Onsdag,,1,,,,/,,,"0,00",,P,6:00,18:00,"11,50",,/,,,"0,00",,U,18:00,6:00,"11,50",
4/29/2021,Torsdag,,1,,,,/,,,"0,00",,P,6:00,18:00,"11,50",,U,18:00,6:00,"11,50",,/,,,"0,00",
4/30/2021,Fredag,Store bededag,1,,1,,P,6:00,18:00,"11,50",,/,,,"0,00",,U,18:00,6:00,"11,50",,/,,,"0,00",
5/1/2021,Lørdag,1. maj,1,1,,,P,6:00,18:00,"11,50",,/,,,"0,00",,/,,,"0,00",,/,,,"0,00",
5/2/2021,Søndag,,1,1,,,/,,,"0,00",,/,,,"0,00",,/,,,"0,00",,U,18:00,6:00,"11,50",
5/3/2021,Mandag,,1,,,,/,,,"0,00",,P,6:00,18:00,"11,50",,/,,,"0,00",,U,18:00,6:00,"11,50",
5/4/2021,Tirsdag,,1,,,,/,,,"0,00",,P,6:00,18:00,"11,50",,U,18:00,6:00,"11,50",,/,,,"0,00",
5/5/2021,Onsdag,,1,,,,P,6:00,18:00,"11,50",,/,,,"0,00",,U,18:00,6:00,"11,50",,/,,,"0,00",
5/6/2021,Torsdag,,1,,,,P,6:00,18:00,"11,50",,/,,,"0,00",,/,,,"0,00",,U,18:00,6:00,"11,50",
5/7/2021,Fredag,,1,,,,/,,,"0,00",,P,6:00,18:00,"11,50",,/,,,"0,00",,U,18:00,6:00,"11,50",
5/8/2021,Lørdag,,1,1,,,/,,,"0,00",,P,6:00,18:00,"11,50",,/,,,"0,00",,/,,,"0,00",
5/9/2021,Søndag,,1,1,,,/,,,"0,00",,/,,,"0,00",,U,18:00,6:00,"11,50",,/,,,"0,00",
5/10/2021,Mandag,,1,,,,P,6:00,18:00,"11,50",,/,,,"0,00",,U,18:00,6:00,"11,50",,/,,,"0,00",
5/11/2021,Tirsdag,,1,,,,P,6:00,18:00,"11,50",,/,,,"0,00",,/,,,"0,00",,U,18:00,6:00,"11,50",
5/12/2021,Onsdag,,1,,,,/,,,"0,00",,P,6:00,18:00,"11,50",,/,,,"0,00",,U,18:00,6:00,"11,50",
5/13/2021,Torsdag,Kr. Himmelfartsdag,1,,1,,/,,,"0,00",,P,6:00,18:00,"11,50",,U,18:00,6:00,"11,50",,/,,,"0,00",
5/14/2021,Fredag,,1,,,,P,6:00,18:00,"11,50",,/,,,"0,00",,U,18:00,6:00,"11,50",,/,,,"0,00",
5/15/2021,Lørdag,,1,1,,,P,6:00,18:00,"11,50",,/,,,"0,00",,/,,,"0,00",,/,,,"0,00",
5/16/2021,Søndag,,1,1,,,/,,,"0,00",,/,,,"0,00",,/,,,"0,00",,U,18:00,6:00,"11,50",
5/17/2021,Mandag,,1,,,,/,,,"0,00",,P,6:00,18:00,"11,50",,/,,,"0,00",,U,18:00,6:00,"11,50",
5/18/2021,Tirsdag,,1,,,,/,,,"0,00",,P,6:00,18:00,"11,50",,U,18:00,6:00,"11,50",,/,,,"0,00",
5/19/2021,Onsdag,,1,,,,P,6:00,18:00,"11,50",,/,,,"0,00",,U,18:00,6:00,"11,50",,/,,,"0,00",
5/20/2021,Torsdag,,1,,,,P,6:00,18:00,"11,50",,/,,,"0,00",,/,,,"0,00",,U,18:00,6:00,"11,50",
5/21/2021,Fredag,,1,,,,/,,,"0,00",,P,6:00,18:00,"11,50",,/,,,"0,00",,U,18:00,6:00,"11,50",
5/22/2021,Lørdag,,1,1,,,/,,,"0,00",,P,6:00,18:00,"11,50",,/,,,"0,00",,/,,,"0,00",
5/23/2021,Søndag,Pinsedag,1,1,,,/,,,"0,00",,/,,,"0,00",,U,18:00,6:00,"11,50",,/,,,"0,00",
5/24/2021,Mandag,2. Pinsedag,1,,1,,P,6:00,18:00,"11,50",,/,,,"0,00",,U,18:00,6:00,"11,50",,/,,,"0,00",
5/25/2021,Tirsdag,,1,,,,P,6:00,18:00,"11,50",,/,,,"0,00",,/,,,"0,00",,U,18:00,6:00,"11,50",
5/26/2021,Onsdag,,1,,,,/,,,"0,00",,P,6:00,18:00,"11,50",,/,,,"0,00",,U,18:00,6:00,"11,50",
5/27/2021,Torsdag,,1,,,,/,,,"0,00",,P,6:00,18:00,"11,50",,U,18:00,6:00,"11,50",,/,,,"0,00",
5/28/2021,Fredag,,1,,,,P,6:00,18:00,"11,50",,/,,,"0,00",,U,18:00,6:00,"11,50",,/,,,"0,00",
5/29/2021,Lørdag,,1,1,,,P,6:00,18:00,"11,50",,/,,,"0,00",,/,,,"0,00",,/,,,"0,00",
5/30/2021,Søndag,,1,1,,,/,,,"0,00",,/,,,"0,00",,/,,,"0,00",,U,18:00,6:00,"11,50",
5/31/2021,Mandag,,1,,,,/,,,"0,00",,P,6:00,18:00,"11,50",,/,,,"0,00",,U,18:00,6:00,"11,50",
6/1/2021,Tirsdag,,1,,,,/,,,"0,00",,P,6:00,18:00,"11,50",,U,18:00,6:00,"11,50",,/,,,"0,00",
6/2/2021,Onsdag,,1,,,,P,6:00,18:00,"11,50",,/,,,"0,00",,U,18:00,6:00,"11,50",,/,,,"0,00",
6/3/2021,Torsdag,,1,,,,P,6:00,18:00,"11,50",,/,,,"0,00",,/,,,"0,00",,U,18:00,6:00,"11,50",
6/4/2021,Fredag,,1,,,,/,,,"0,00",,P,6:00,18:00,"11,50",,/,,,"0,00",,U,18:00,6:00,"11,50",
6/5/2021,Lørdag,Grundlovsdag,1,1,,,/,,,"0,00",,P,6:00,18:00,"11,50",,/,,,"0,00",,/,,,"0,00",
6/6/2021,Søndag,,1,1,,,/,,,"0,00",,/,,,"0,00",,U,18:00,6:00,"11,50",,/,,,"0,00",
6/7/2021,Mandag,,1,,,,P,6:00,18:00,"11,50",,/,,,"0,00",,U,18:00,6:00,"11,50",,/,,,"0,00",
6/8/2021,Tirsdag,,1,,,,P,6:00,18:00,"11,50",,/,,,"0,00",,/,,,"0,00",,U,18:00,6:00,"11,50",
6/9/2021,Onsdag,,1,,,,/,,,"0,00",,P,6:00,18:00,"11,50",,/,,,"0,00",,U,18:00,6:00,"11,50",
6/10/2021,Torsdag,,1,,,,/,,,"0,00",,P,6:00,18:00,"11,50",,U,18:00,6:00,"11,50",,/,,,"0,00",
6/11/2021,Fredag,,1,,,,P,6:00,18:00,"11,50",,/,,,"0,00",,U,18:00,6:00,"11,50",,/,,,"0,00",
6/12/2021,Lørdag,,1,1,,,P,6:00,18:00,"11,50",,/,,,"0,00",,/,,,"0,00",,/,,,"0,00",
6/13/2021,Søndag,,1,1,,,/,,,"0,00",,/,,,"0,00",,/,,,"0,00",,U,18:00,6:00,"11,50",
6/14/2021,Mandag,,1,,,,/,,,"0,00",,P,6:00,18:00,"11,50",,/,,,"0,00",,U,18:00,6:00,"11,50",
6/15/2021,Tirsdag,,1,,,,/,,,"0,00",,P,6:00,18:00,"11,50",,U,18:00,6:00,"11,50",,/,,,"0,00",
6/16/2021,Onsdag,,1,,,,P,6:00,18:00,"11,50",,/,,,"0,00",,U,18:00,6:00,"11,50",,/,,,"0,00",
6/17/2021,Torsdag,,1,,,,P,6:00,18:00,"11,50",,/,,,"0,00",,/,,,"0,00",,U,18:00,6:00,"11,50",
6/18/2021,Fredag,,1,,,,/,,,"0,00",,P,6:00,18:00,"11,50",,/,,,"0,00",,U,18:00,6:00,"11,50",
6/19/2021,Lørdag,,1,1,,,/,,,"0,00",,P,6:00,18:00,"11,50",,/,,,"0,00",,/,,,"0,00",
6/20/2021,Søndag,,1,1,,,/,,,"0,00",,/,,,"0,00",,U,18:00,6:00,"11,50",,/,,,"0,00",
6/21/2021,Mandag,,1,,,,P,6:00,18:00,"11,50",,/,,,"0,00",,U,18:00,6:00,"11,50",,/,,,"0,00",
6/22/2021,Tirsdag,,1,,,,P,6:00,18:00,"11,50",,/,,,"0,00",,/,,,"0,00",,U,18:00,6:00,"11,50",
6/23/2021,Onsdag,,1,,,,/,,,"0,00",,P,6:00,18:00,"11,50",,/,,,"0,00",,U,18:00,6:00,"11,50",
6/24/2021,Torsdag,,1,,,,/,,,"0,00",,P,6:00,18:00,"11,50",,U,18:00,6:00,"11,50",,/,,,"0,00",
6/25/2021,Fredag,,1,,,,P,6:00,18:00,"11,50",,/,,,"0,00",,U,18:00,6:00,"11,50",,/,,,"0,00",
6/26/2021,Lørdag,,1,1,,,P,6:00,18:00,"11,50",,/,,,"0,00",,/,,,"0,00",,/,,,"0,00",
6/27/2021,Søndag,,1,1,,,/,,,"0,00",,/,,,"0,00",,/,,,"0,00",,U,18:00,6:00,"11,50",
6/28/2021,Mandag,,1,,,,/,,,"0,00",,P,6:00,18:00,"11,50",,/,,,"0,00",,U,18:00,6:00,"11,50",
6/29/2021,Tirsdag,,1,,,,/,,,"0,00",,P,6:00,18:00,"11,50",,U,18:00,6:00,"11,50",,/,,,"0,00",
6/30/2021,Onsdag,,1,,,,P,6:00,18:00,"11,50",,/,,,"0,00",,U,18:00,6:00,"11,50",,/,,,"0,00",
7/1/2021,Torsdag,,1,,,,P,6:00,18:00,"11,50",,/,,,"0,00",,/,,,"0,00",,U,18:00,6:00,"11,50",
7/2/2021,Fredag,,1,,,,/,,,"0,00",,P,6:00,18:00,"11,50",,/,,,"0,00",,U,18:00,6:00,"11,50",
7/3/2021,Lørdag,,1,1,,,/,,,"0,00",,P,6:00,18:00,"11,50",,/,,,"0,00",,/,,,"0,00",
7/4/2021,Søndag,,1,1,,,/,,,"0,00",,/,,,"0,00",,U,18:00,6:00,"11,50",,/,,,"0,00",
7/5/2021,Mandag,,1,,,,P,6:00,18:00,"11,50",,/,,,"0,00",,U,18:00,6:00,"11,50",,/,,,"0,00",
7/6/2021,Tirsdag,,1,,,,P,6:00,18:00,"11,50",,/,,,"0,00",,/,,,"0,00",,U,18:00,6:00,"11,50",
7/7/2021,Onsdag,,1,,,,/,,,"0,00",,P,6:00,18:00,"11,50",,/,,,"0,00",,U,18:00,6:00,"11,50",
7/8/2021,Torsdag,,1,,,,/,,,"0,00",,P,6:00,18:00,"11,50",,U,18:00,6:00,"11,50",,/,,,"0,00",
7/9/2021,Fredag,,1,,,,P,6:00,18:00,"11,50",,/,,,"0,00",,U,18:00,6:00,"11,50",,/,,,"0,00",
7/10/2021,Lørdag,,1,1,,,P,6:00,18:00,"11,50",,/,,,"0,00",,/,,,"0,00",,/,,,"0,00",
7/11/2021,Søndag,,1,1,,,/,,,"0,00",,/,,,"0,00",,/,,,"0,00",,U,18:00,6:00,"11,50",
7/12/2021,Mandag,,1,,,,/,,,"0,00",,P,6:00,18:00,"11,50",,/,,,"0,00",,U,18:00,6:00,"11,50",
7/13/2021,Tirsdag,,1,,,,/,,,"0,00",,P,6:00,18:00,"11,50",,U,18:00,6:00,"11,50",,/,,,"0,00",
7/14/2021,Onsdag,,1,,,,P,6:00,18:00,"11,50",,/,,,"0,00",,U,18:00,6:00,"11,50",,/,,,"0,00",
7/15/2021,Torsdag,,1,,,,P,6:00,18:00,"11,50",,/,,,"0,00",,/,,,"0,00",,U,18:00,6:00,"11,50",
7/16/2021,Fredag,,1,,,,/,,,"0,00",,P,6:00,18:00,"11,50",,/,,,"0,00",,U,18:00,6:00,"11,50",
7/17/2021,Lørdag,,1,1,,,/,,,"0,00",,P,6:00,18:00,"11,50",,/,,,"0,00",,/,,,"0,00",
7/18/2021,Søndag,,1,1,,,/,,,"0,00",,/,,,"0,00",,U,18:00,6:00,"11,50",,/,,,"0,00",
7/19/2021,Mandag,,1,,,,P,6:00,18:00,"11,50",,/,,,"0,00",,U,18:00,6:00,"11,50",,/,,,"0,00",
7/20/2021,Tirsdag,,1,,,,P,6:00,18:00,"11,50",,/,,,"0,00",,/,,,"0,00",,U,18:00,6:00,"11,50",
7/21/2021,Onsdag,,1,,,,/,,,"0,00",,P,6:00,18:00,"11,50",,/,,,"0,00",,U,18:00,6:00,"11,50",
7/22/2021,Torsdag,,1,,,,/,,,"0,00",,P,6:00,18:00,"11,50",,U,18:00,6:00,"11,50",,/,,,"0,00",
7/23/2021,Fredag,,1,,,,P,6:00,18:00,"11,50",,/,,,"0,00",,U,18:00,6:00,"11,50",,/,,,"0,00",
7/24/2021,Lørdag,,1,1,,,P,6:00,18:00,"11,50",,/,,,"0,00",,/,,,"0,00",,/,,,"0,00",
7/25/2021,Søndag,,1,1,,,/,,,"0,00",,/,,,"0,00",,/,,,"0,00",,U,18:00,6:00,"11,50",
7/26/2021,Mandag,,1,,,,/,,,"0,00",,P,6:00,18:00,"11,50",,/,,,"0,00",,U,18:00,6:00,"11,50",
7/27/2021,Tirsdag,,1,,,,/,,,"0,00",,P,6:00,18:00,"11,50",,U,18:00,6:00,"11,50",,/,,,"0,00",
7/28/2021,Onsdag,,1,,,,P,6:00,18:00,"11,50",,/,,,"0,00",,U,18:00,6:00,"11,50",,/,,,"0,00",
7/29/2021,Torsdag,,1,,,,P,6:00,18:00,"11,50",,/,,,"0,00",,/,,,"0,00",,U,18:00,6:00,"11,50",
7/30/2021,Fredag,,1,,,,/,,,"0,00",,P,6:00,18:00,"11,50",,/,,,"0,00",,U,18:00,6:00,"11,50",
7/31/2021,Lørdag,,1,1,,,/,,,"0,00",,P,6:00,18:00,"11,50",,/,,,"0,00",,/,,,"0,00",
8/1/2021,Søndag,,1,1,,,/,,,"0,00",,/,,,"0,00",,U,18:00,6:00,"11,50",,/,,,"0,00",
8/2/2021,Mandag,,1,,,,P,6:00,18:00,"11,50",,/,,,"0,00",,U,18:00,6:00,"11,50",,/,,,"0,00",
8/3/2021,Tirsdag,,1,,,,P,6:00,18:00,"11,50",,/,,,"0,00",,/,,,"0,00",,U,18:00,6:00,"11,50",
8/4/2021,Onsdag,,1,,,,/,,,"0,00",,P,6:00,18:00,"11,50",,/,,,"0,00",,U,18:00,6:00,"11,50",
8/5/2021,Torsdag,,1,,,,/,,,"0,00",,P,6:00,18:00,"11,50",,U,18:00,6:00,"11,50",,/,,,"0,00",
8/6/2021,Fredag,,1,,,,P,6:00,18:00,"11,50",,/,,,"0,00",,U,18:00,6:00,"11,50",,/,,,"0,00",
8/7/2021,Lørdag,,1,1,,,P,6:00,18:00,"11,50",,/,,,"0,00",,/,,,"0,00",,/,,,"0,00",
8/8/2021,Søndag,,1,1,,,/,,,"0,00",,/,,,"0,00",,/,,,"0,00",,U,18:00,6:00,"11,50",
8/9/2021,Mandag,,1,,,,/,,,"0,00",,P,6:00,18:00,"11,50",,/,,,"0,00",,U,18:00,6:00,"11,50",
8/10/2021,Tirsdag,,1,,,,/,,,"0,00",,P,6:00,18:00,"11,50",,U,18:00,6:00,"11,50",,/,,,"0,00",
8/11/2021,Onsdag,,1,,,,P,6:00,18:00,"11,50",,/,,,"0,00",,U,18:00,6:00,"11,50",,/,,,"0,00",
8/12/2021,Torsdag,,1,,,,P,6:00,18:00,"11,50",,/,,,"0,00",,/,,,"0,00",,U,18:00,6:00,"11,50",
8/13/2021,Fredag,,1,,,,/,,,"0,00",,P,6:00,18:00,"11,50",,/,,,"0,00",,U,18:00,6:00,"11,50",
8/14/2021,Lørdag,,1,1,,,/,,,"0,00",,P,6:00,18:00,"11,50",,/,,,"0,00",,/,,,"0,00",
8/15/2021,Søndag,,1,1,,,/,,,"0,00",,/,,,"0,00",,U,18:00,6:00,"11,50",,/,,,"0,00",
8/16/2021,Mandag,,1,,,,P,6:00,18:00,"11,50",,/,,,"0,00",,U,18:00,6:00,"11,50",,/,,,"0,00",
8/17/2021,Tirsdag,,1,,,,P,6:00,18:00,"11,50",,/,,,"0,00",,/,,,"0,00",,U,18:00,6:00,"11,50",
8/18/2021,Onsdag,,1,,,,/,,,"0,00",,P,6:00,18:00,"11,50",,/,,,"0,00",,U,18:00,6:00,"11,50",
8/19/2021,Torsdag,,1,,,,/,,,"0,00",,P,6:00,18:00,"11,50",,U,18:00,6:00,"11,50",,/,,,"0,00",
8/20/2021,Fredag,,1,,,,P,6:00,18:00,"11,50",,/,,,"0,00",,U,18:00,6:00,"11,50",,/,,,"0,00",
8/21/2021,Lørdag,,1,1,,,P,6:00,18:00,"11,50",,/,,,"0,00",,/,,,"0,00",,/,,,"0,00",
8/22/2021,Søndag,,1,1,,,/,,,"0,00",,/,,,"0,00",,/,,,"0,00",,U,18:00,6:00,"11,50",
8/23/2021,Mandag,,1,,,,/,,,"0,00",,P,6:00,18:00,"11,50",,/,,,"0,00",,U,18:00,6:00,"11,50",
8/24/2021,Tirsdag,,1,,,,/,,,"0,00",,P,6:00,18:00,"11,50",,U,18:00,6:00,"11,50",,/,,,"0,00",
8/25/2021,Onsdag,,1,,,,P,6:00,18:00,"11,50",,/,,,"0,00",,U,18:00,6:00,"11,50",,/,,,"0,00",
8/26/2021,Torsdag,,1,,,,P,6:00,18:00,"11,50",,/,,,"0,00",,/,,,"0,00",,U,18:00,6:00,"11,50",
8/27/2021,Fredag,,1,,,,/,,,"0,00",,P,6:00,18:00,"11,50",,/,,,"0,00",,U,18:00,6:00,"11,50",
8/28/2021,Lørdag,,1,1,,,/,,,"0,00",,P,6:00,18:00,"11,50",,/,,,"0,00",,/,,,"0,00",
8/29/2021,Søndag,,1,1,,,/,,,"0,00",,/,,,"0,00",,U,18:00,6:00,"11,50",,/,,,"0,00",
8/30/2021,Mandag,,1,,,,P,6:00,18:00,"11,50",,/,,,"0,00",,U,18:00,6:00,"11,50",,/,,,"0,00",
8/31/2021,Tirsdag,,1,,,,P,6:00,18:00,"11,50",,/,,,"0,00",,/,,,"0,00",,U,18:00,6:00,"11,50",
,,,,,,Planlagt tid i alt,,,,"1.805,50","0,00",,,,"1.794,00","0,00",,,,"1.794,00","0,00",,,,"1.805,50","0,00"
,,,,,,*Opgørelse,,,,"16,30",,,,,"4,80",,,,,"80,40",,,,,"91,90",
,,,,,,,,,,,,,,,,,,,,,,,,,,
,,,,,,,,"Sommerferie uge 29+30+31 - Saldo PH1 = -2,7 / PH2 = -14,20",,,,,,,,,,,,,,,,,,
,,,,,,,,"Sommerferie uge 28+29+30 - Saldo PH1 = 20,30 / PH2 = -37,20",,,,,,,,,,,,,,,,,,